,best_match_score,vendedor,anuncio_id_olx,bairro,cidade,link_anuncio_olx,KM,Preco,Ano_Fabricacao,regiao,uf,Marca,Modelo,nome_marca,id_marca,nome_modelo,id_modelo
0,1.0489297022648474,Ricardo,908868392,Jardim dos Estados,Campo Grande,https://ms.olx.com.br/mato-grosso-do-sul/autos-e-pecas/carros-vans-e-utilitarios/hilux-2016-2016-2-8-srv-4x4-cd-diesel-automatica-908868392,110000,190000.0,2016,"Mato Grosso do Sul, MS",MS,TOYOTA,TOYOTA HILUX CD SRV 4X4 2.8 TDI DIESEL AUT.,Toyota,56.0,Hilux CD SRV 4x4 2.8 TDI Diesel Aut.,7406.0
1,1.208125245912341,Consultorias e negócios,912228400,Vila Oeste,Campo Grande,https://ms.olx.com.br/mato-grosso-do-sul/autos-e-pecas/carros-vans-e-utilitarios/lindo-prisma-1-0-joy-eco-6-marchas-apenas-68-000-km-912228400,68000,47500.0,2017,"Mato Grosso do Sul, MS",MS,GM - CHEVROLET,GM - CHEVROLET PRISMA SED. JOY/ LS 1.0 8V FLEXPOWER 4P,GM - Chevrolet,23.0,PRISMA Sed. Joy/ LS 1.0 8V FlexPower 4p,4849.0
2,1.203118094964812,Duo Carros,918273548,Itanhangá Park,Campo Grande,https://ms.olx.com.br/mato-grosso-do-sul/autos-e-pecas/carros-vans-e-utilitarios/dodge-ram-laramie-2018-918273548,103500,310000.0,2018,"Mato Grosso do Sul, MS",MS,DODGE,DODGE RAM 2500 LARAMIE 6.7 TDI CD 4X4 DIES,Dodge,17.0,Ram 2500 LARAMIE 6.7 TDI CD 4x4 Dies,5924.0
3,1.208125245912341,Seminovos Movida Campo Grande,919814077,Vila Antônio Vendas,Campo Grande,https://ms.olx.com.br/mato-grosso-do-sul/autos-e-pecas/carros-vans-e-utilitarios/chevrolet-joy-hatch-1-0-8v-flex-919814077,36899,53060.0,2020,"Mato Grosso do Sul, MS",MS,GM - CHEVROLET,GM - CHEVROLET PRISMA SED. JOY/ LS 1.0 8V FLEXPOWER 4P,GM - Chevrolet,23.0,PRISMA Sed. Joy/ LS 1.0 8V FlexPower 4p,4849.0
4,0.8965536968022162, diel,926614044,Vila Santa Luzia,Campo Grande,https://ms.olx.com.br/mato-grosso-do-sul/autos-e-pecas/carros-vans-e-utilitarios/corsa-sedan-2009-ar-condicionado-trava-e-alarme-whats-926614044,165000,18000.0,2009,"Mato Grosso do Sul, MS",MS,GM - CHEVROLET,GM - CHEVROLET CORSA SED CLASS.LIFE 1.0/1.0 FLEXPOWER,GM - Chevrolet,23.0,Corsa Sed Class.Life 1.0/1.0 FlexPower,1031.0
5,1.2804551404260531,Wanderson,931058425,Coophasul,Campo Grande,https://ms.olx.com.br/mato-grosso-do-sul/autos-e-pecas/carros-vans-e-utilitarios/s10-lt-2-8-200-cv-4x4-automatica-19-20-unico-dono-931058425,90000,180900.0,2020,"Mato Grosso do Sul, MS",MS,GM - CHEVROLET,GM - CHEVROLET S10 PICK-UP LT 2.8 TDI 4X4 CD DIESEL AUT,GM - Chevrolet,23.0,S10 Pick-Up LT 2.8 TDI 4x4 CD Diesel Aut,5893.0
6,1.051585278622919,miltonmarquesc,934034003,Coopharádio,Campo Grande,https://ms.olx.com.br/mato-grosso-do-sul/autos-e-pecas/carros-vans-e-utilitarios/palio-atrractive-1-0-completo-2015-16-bem-conservado-934034003,75000,37000.0,2016,"Mato Grosso do Sul, MS",MS,FIAT,FIAT PALIO ATTRACTIVE 1.0 EVO FIRE FLEX 8V 5P,Fiat,21.0,Palio ATTRACTIVE 1.0 EVO Fire Flex 8v 5p,5721.0
7,0.970338330489578,Paulo Roberto,934389372,Vila Carvalho,Campo Grande,https://ms.olx.com.br/mato-grosso-do-sul/autos-e-pecas/carros-vans-e-utilitarios/f-250-2005-xlt-l-raridade-69mil-km-kit-injediesel-impecavel-934389372,69,200000.0,2005,"Mato Grosso do Sul, MS",MS,FORD,FORD F-250 XLT 4.2 180CV CD TB DIESEL,Ford,22.0,F-250 XLT 4.2 180cv CD TB Diesel,767.0
8,1.218145897275658,AFONSO JR,935752638,Vila Bandeirante,Campo Grande,https://ms.olx.com.br/mato-grosso-do-sul/autos-e-pecas/carros-vans-e-utilitarios/uno-evo-way-2011-2012-completo-financiamos-935752638,93000,27800.0,2012,"Mato Grosso do Sul, MS",MS,FIAT,FIAT UNO WAY CELEB. 1.0 EVO FIRE FLEX 8V 5P,Fiat,21.0,UNO WAY Celeb. 1.0 EVO Fire Flex 8V 5p,5245.0
9,0.8103838279655177,USTULIN MULTIMARCAS,936005096,Cabreúva,Campo Grande,https://ms.olx.com.br/mato-grosso-do-sul/autos-e-pecas/carros-vans-e-utilitarios/palio-way-1-0-936005096,0,35500.0,2015,"Mato Grosso do Sul, MS",MS,FIAT,FIAT PALIO WAY 1.0 FIRE FLEX 8V 5P,Fiat,21.0,Palio Way 1.0 Fire Flex 8V 5p,6836.0
10,1.30754559959022,alvaropmesquita,938376908,Itanhangá Park,Campo Grande,https://ms.olx.com.br/mato-grosso-do-sul/autos-e-pecas/carros-vans-e-utilitarios/sw4-impecavel-baixa-quilometragem-938376908,64000,231000.0,2017,"Mato Grosso do Sul, MS",MS,TOYOTA,TOYOTA HILUX SW4 SRX 4X4 2.8 TDI 16V DIES. AUT.,Toyota,56.0,Hilux SW4 SRX 4x4 2.8 TDI 16V Dies. Aut.,7491.0
11,0.9500527368399578,Seminovos Movida Campo Grande,942066507,Vila Antônio Vendas,Campo Grande,https://ms.olx.com.br/mato-grosso-do-sul/autos-e-pecas/carros-vans-e-utilitarios/jeep-renegade-longitude-1-8-4x2-aut-flex-942066507,33088,109990.0,2021,"Mato Grosso do Sul, MS",MS,JEEP,JEEP RENEGADE LONGITUDE 1.8 4X2 FLEX 16V AUT.,Jeep,29.0,Renegade Longitude 1.8 4x2 Flex 16V Aut.,7186.0
12,1.0882383912477487,Seminovos Movida Campo Grande,946580235,Vila Antônio Vendas,Campo Grande,https://ms.olx.com.br/mato-grosso-do-sul/autos-e-pecas/carros-vans-e-utilitarios/volkswagen-tiguan-1-4-250-tsi-allspace-comfortline-946580235,50760,172180.0,2020,"Mato Grosso do Sul, MS",MS,VW - VOLKSWAGEN,VW - VOLKSWAGEN TIGUAN ALLSPAC COMF 250 TSI 1.4 FLEX,VW - VolksWagen,59.0,TIGUAN Allspac Comf 250 TSI 1.4 Flex,8301.0
13,0.9669290459102863,Luciano Mariano,947223535,Jardim Caramuru,Dourados,https://ms.olx.com.br/mato-grosso-do-sul/autos-e-pecas/carros-vans-e-utilitarios/mercedes-bens-cla-45-amg-947223535,25500,240000.0,2016,"Mato Grosso do Sul, MS",MS,MERCEDES-BENZ,MERCEDES-BENZ CLA-45 AMG 4MATIC CGI 2.0 TB AUT.,Mercedes-Benz,39.0,CLA-45 AMG 4MATIC CGI 2.0 TB Aut.,6867.0
15,0.7879519716223735,v02.snjmurtinho,947994843,Itanhangá Park,Campo Grande,https://ms.olx.com.br/mato-grosso-do-sul/autos-e-pecas/carros-vans-e-utilitarios/stepway-iconic-1-6-automatico-cvt-modelo-2020-947994843,52714,74990.0,2020,"Mato Grosso do Sul, MS",MS,RENAULT,RENAULT STEPWAY ICONIC FLEX 1.6 16V AUT.,Renault,48.0,STEPWAY Iconic Flex 1.6 16V Aut.,8755.0
16,0.7033723116733044,leandro moreira gomes,949730731,Vila Vilas Boas,Campo Grande,https://ms.olx.com.br/mato-grosso-do-sul/autos-e-pecas/carros-vans-e-utilitarios/renegade-sport-1-8-flex-2016-2016-34-000km-949730731,33000,74900.0,2016,"Mato Grosso do Sul, MS",MS,JEEP,JEEP RENEGADE SPORT 1.8 4X2 FLEX 16V AUT.,Jeep,29.0,Renegade Sport 1.8 4x2 Flex 16V Aut.,7188.0
17,0.5850101637318654,divinosalvador,953573388,Conjunto Aero Rancho,Campo Grande,https://ms.olx.com.br/mato-grosso-do-sul/autos-e-pecas/carros-vans-e-utilitarios/vendo-duster-dynamique-17-18-953573388,69000,75000.0,2018,"Mato Grosso do Sul, MS",MS,RENAULT,RENAULT DUSTER DYNAMIQUE 1.6 HI-FLEX 16V MEC.,Renault,48.0,DUSTER 1.6 Hi-Flex 16V Mec.,5671.0
22,0.6803947918362792,Edi,953809552,Coophatrabalho,Campo Grande,https://ms.olx.com.br/mato-grosso-do-sul/autos-e-pecas/carros-vans-e-utilitarios/creta-atitude-2019-953809552,31200,78900.0,2019,"Mato Grosso do Sul, MS",MS,HYUNDAI,HYUNDAI CRETA ATTITUDE 1.6 16V FLEX AUT.,Hyundai,26.0,Creta Attitude Plus 1.6 16V Flex Aut.,8895.0
24,0.7140296495020476,sidney,954512583,Vila Sílvia Regina,Campo Grande,https://ms.olx.com.br/mato-grosso-do-sul/autos-e-pecas/carros-vans-e-utilitarios/c3-xtr-1-6-pra-sair-hj-954512583,110000,14950.0,2007,"Mato Grosso do Sul, MS",MS,CITROEN,CITROEN C3 XTR 1.6 FLEX 16V 5P,Citroën,13.0,C3 XTR 1.6 Flex 16V 5p,4054.0
25,0.9353569170558707,karoliny ,954516412,Jardim Colúmbia,Campo Grande,https://ms.olx.com.br/mato-grosso-do-sul/autos-e-pecas/carros-vans-e-utilitarios/audi-a4-2013-954516412,0,67900.0,2013,"Mato Grosso do Sul, MS",MS,AUDI,AUDI A4 2.0 16V TFSI 183/180CV MULTITRONIC,Audi,6.0,A4 2.0 16V TFSI 183/180cv Multitronic,4843.0
26,0.5031166491369461,Jose Francisco Alves Francisco Alves,955022461,Jardim Paulo Coelho Machado,Campo Grande,https://ms.olx.com.br/mato-grosso-do-sul/autos-e-pecas/carros-vans-e-utilitarios/corolla-altis-955022461,153000,65900.0,2014,"Mato Grosso do Sul, MS",MS,TOYOTA,TOYOTA COROLLA ALTIS 2.0 FLEX 16V AUT.,Toyota,56.0,Corolla ALTIS/A.Premiu. 2.0 Flex 16V Aut,9300.0
27,0.8129793739133299,JE Vei­culos,955317659,Jardim Tijuca,Campo Grande,https://ms.olx.com.br/mato-grosso-do-sul/autos-e-pecas/carros-vans-e-utilitarios/gol-1-6-g7-msi-955317659,82000,44900.0,2017,"Mato Grosso do Sul, MS",MS,VW - VOLKSWAGEN,VW - VOLKSWAGEN GOL TRENDLINE 1.6 T.FLEX 8V 5P,VW - VolksWagen,59.0,Gol Trendline 1.6 T.Flex 8V 5p,6796.0
29,0.8070702948853625,Consultorias e negócios,955554772,Vila Oeste,Campo Grande,https://ms.olx.com.br/mato-grosso-do-sul/autos-e-pecas/carros-vans-e-utilitarios/peugeot-208-active-pack-1-5-so-52-000-km-rodados-955554772,52000,37500.0,2015,"Mato Grosso do Sul, MS",MS,PEUGEOT,PEUGEOT 208 ACTIVE/ACTIVE PACK 1.5 FLEX 8V 5P,Peugeot,44.0,208 Active/Active Pack 1.5 Flex 8V 5p,6396.0
30,0.9982049779029901,Paulo Roberto,956720961,Vila Carvalho,Campo Grande,https://ms.olx.com.br/mato-grosso-do-sul/autos-e-pecas/carros-vans-e-utilitarios/honda-hr-v-2018-tirado-em-campo-grande-ms-956720961,0,97900.0,2018,"Mato Grosso do Sul, MS",MS,HONDA,HONDA HR-V LX 1.8 FLEXONE 16V 5P AUT.,Honda,25.0,HR-V LX 1.8 Flexone 16V 5p Aut.,7152.0
31,0.6892299356579166,Thiago,956813353,Portal de Dourados,Dourados,https://ms.olx.com.br/mato-grosso-do-sul/autos-e-pecas/carros-vans-e-utilitarios/jeep-compass-sport-flex-17-18-unica-dona-956813353,35000,108000.0,2018,"Mato Grosso do Sul, MS",MS,JEEP,JEEP COMPASS SPORT 2.0 4X4 FLEX 16V AUT.,Jeep,29.0,COMPASS SPORT 2.0 4x4 flex 16V Aut.,8053.0
32,0.6792638726442635,santos,957779233,Universitário,Campo Grande,https://ms.olx.com.br/mato-grosso-do-sul/autos-e-pecas/carros-vans-e-utilitarios/corolla-xei-1-8-automatico-completo-957779233,222222,33500.0,2007,"Mato Grosso do Sul, MS",MS,TOYOTA,TOYOTA COROLLA XEI 1.8/1.8 FLEX 16V AUT.,Toyota,56.0,Corolla XEi 1.8/1.8 Flex 16V Aut.,2229.0
33,1.056982368126235,Gustavo S.,957977824,Centro,Campo Grande,https://ms.olx.com.br/mato-grosso-do-sul/autos-e-pecas/carros-vans-e-utilitarios/onix-lt-1-4-flex-2014-957977824,80000,41200.0,2014,"Mato Grosso do Sul, MS",MS,GM - CHEVROLET,GM - CHEVROLET ONIX HATCH LT 1.4 8V FLEXPOWER 5P MEC.,GM - Chevrolet,23.0,ONIX HATCH LT 1.4 8V FlexPower 5p Mec.,6233.0
34,0.6008411146958185,Lucas,958005770,Panorama,Campo Grande,https://ms.olx.com.br/mato-grosso-do-sul/autos-e-pecas/carros-vans-e-utilitarios/fiesta-hatch-1-6-completo-2013-958005770,119000,32900.0,2013,"Mato Grosso do Sul, MS",MS,FORD,FORD FIESTA 1.6 16V FLEX MEC. 5P,Ford,22.0,Fiesta 1.6 16V Flex Mec. 5p,6424.0
38,0.8046915661266296,CAOA Chery Campo Grande,958007909,Itanhangá Park,Campo Grande,https://ms.olx.com.br/mato-grosso-do-sul/autos-e-pecas/carros-vans-e-utilitarios/honda-fit-1-5-dx-16v-958007909,42845,66990.0,2016,"Mato Grosso do Sul, MS",MS,HONDA,HONDA FIT DX 1.4 FLEX 16V 5P AUT.,Honda,25.0,Fit DX 1.4 Flex 16V 5p Aut.,5468.0
39,0.8138378876348277,Lucas,958051805,Itanhangá Park,Campo Grande,https://ms.olx.com.br/mato-grosso-do-sul/autos-e-pecas/carros-vans-e-utilitarios/fox-2013-abaixo-da-fipe-financio-sem-entrada-958051805,113250,33900.0,2013,"Mato Grosso do Sul, MS",MS,VW - VOLKSWAGEN,VW - VOLKSWAGEN FOX 1.6 MI TOTAL FLEX 8V 5P,VW - VolksWagen,59.0,Fox 1.6 Mi Total Flex 8V 5p,5085.0
44,0.9309190875737857,Rota autos e negócios,958403927,Vila Sílvia Regina,Campo Grande,https://ms.olx.com.br/mato-grosso-do-sul/autos-e-pecas/carros-vans-e-utilitarios/vw-voyage-1-6-msi-novo-cambio-automatico-6-marchas-obs-nao-e-imotion-958403927,25500,69900.0,2020,"Mato Grosso do Sul, MS",MS,VW - VOLKSWAGEN,VW - VOLKSWAGEN VOYAGE 1.6 MSI FLEX 16V 4P AUT,VW - VolksWagen,59.0,VOYAGE 1.6 MSI Flex 16V 4p Aut.,8464.0
45,0.4792614189830728,Seminovos Movida Campo Grande,958755306,Vila Antônio Vendas,Campo Grande,https://ms.olx.com.br/mato-grosso-do-sul/autos-e-pecas/carros-vans-e-utilitarios/volkswagen-gol-1-0-12v-flex-958755306,50061,57540.0,2021,"Mato Grosso do Sul, MS",MS,VW - VOLKSWAGEN,VW - VOLKSWAGEN GOL 1.0 FLEX 12V 5P,VW - VolksWagen,59.0,Gol 1.0 Flex 12V 5p,8323.0
49,1.023130777562579,sidney,958844368,Vila Bandeirante,Campo Grande,https://ms.olx.com.br/mato-grosso-do-sul/autos-e-pecas/carros-vans-e-utilitarios/hv20-1-6-automatico-958844368,134000,49800.0,2014,"Mato Grosso do Sul, MS",MS,HYUNDAI,HYUNDAI HB20 C.STYLE/C.PLUS 1.6 FLEX 16V AUT.,Hyundai,26.0,HB20 C.Style/C.Plus 1.6 Flex 16V Aut.,6206.0
50,0.8124535430521878,Seminovos Movida Campo Grande,958977796,Vila Antônio Vendas,Campo Grande,https://ms.olx.com.br/mato-grosso-do-sul/autos-e-pecas/carros-vans-e-utilitarios/fiat-mobi-evo-like-1-0-flex-958977796,47172,45990.0,2020,"Mato Grosso do Sul, MS",MS,FIAT,FIAT MOBI LIKE 1.0 FIRE FLEX 5P.,Fiat,21.0,MOBI LIKE 1.0 Fire Flex 5p.,7540.0
52,0.898862674390508,Seminovos Movida Campo Grande,958977936,Vila Antônio Vendas,Campo Grande,https://ms.olx.com.br/mato-grosso-do-sul/autos-e-pecas/carros-vans-e-utilitarios/fiat-toro-2-0-tdi-endurance-at9-4wd-958977936,45162,149860.0,2021,"Mato Grosso do Sul, MS",MS,FIAT,FIAT TORO ENDURANCE 2.0 16V 4X4 DIESEL AUT.,Fiat,21.0,Toro Endurance 2.0 16V 4x4 Diesel Aut.,8742.0
53,0.1513456522069269,Wanderson,959514165,Coophasul,Campo Grande,https://ms.olx.com.br/mato-grosso-do-sul/autos-e-pecas/carros-vans-e-utilitarios/fusca-1300-l-79-79-segundo-dono-959514165,999999,21900.0,1980,"Mato Grosso do Sul, MS",MS,VW - VOLKSWAGEN,VW - VOLKSWAGEN FUSCA,VW - VolksWagen,59.0,Fusca,2380.0
57,1.2054014368937538,Odirlei Machado Negrão,959698662,Parque Alvorada,Dourados,https://ms.olx.com.br/mato-grosso-do-sul/autos-e-pecas/carros-vans-e-utilitarios/hb20s-19-19-confort-959698662,24000,69000.0,2019,"Mato Grosso do Sul, MS",MS,HYUNDAI,HYUNDAI HB20S C.STYLE/C.PLUS1.6 FLEX 16V AUT. 4P,Hyundai,26.0,HB20S C.Style/C.Plus1.6 Flex 16V Aut. 4p,6435.0
58,0.6702153138619223,Localiza Seminovos Campo Grande (VCCGR),960078270,Chácara Cachoeira,Campo Grande,https://ms.olx.com.br/mato-grosso-do-sul/autos-e-pecas/carros-vans-e-utilitarios/chevrolet-onix-2020-2020-1-0-flex-lt-manual-960078270,63731,68990.0,2020,"Mato Grosso do Sul, MS",MS,GM - CHEVROLET,GM - CHEVROLET HATCH LT 1.0 12V FLEX 5P MEC,GM - Chevrolet,23.0,ONIX HATCH LT 1.0 12V Flex 5p Mec.,8949.0
60,0.7871767306718519,Seminovos Movida Campo Grande,960578994,Vila Antônio Vendas,Campo Grande,https://ms.olx.com.br/mato-grosso-do-sul/autos-e-pecas/carros-vans-e-utilitarios/hyundai-hb20-1-0-sense-flex-960578994,51510,56490.0,2020,"Mato Grosso do Sul, MS",MS,HYUNDAI,HYUNDAI HB20 SENSE 1.0 12V FLEX MEC.,Hyundai,26.0,HB20 Sense 1.0 Flex 12V Mec.,8854.0
61,0.9622248399975963,Robert da Silva Lima,960888994,Vila Progresso,Campo Grande,https://ms.olx.com.br/mato-grosso-do-sul/autos-e-pecas/carros-vans-e-utilitarios/fluence-gt-line-2-0-14-14-muito-novo-completao-960888994,75000,56800.0,2014,"Mato Grosso do Sul, MS",MS,RENAULT,RENAULT FLUENCE SEDAN GT LINE 2.0 FLEX AUT.,Renault,48.0,FLUENCE Sedan GT Line 2.0 Flex Aut.,6870.0
62,1.2351421827238707,Neto,960907715,Monte Castelo,Campo Grande,https://ms.olx.com.br/mato-grosso-do-sul/autos-e-pecas/carros-vans-e-utilitarios/straca-working-completa-15-16-960907715,110,41000.0,2016,"Mato Grosso do Sul, MS",MS,FIAT,FIAT STRADA WORKING 1.4 MPI FIRE FLEX 8V CS,Fiat,21.0,Strada Working 1.4 mpi Fire Flex 8V CS,5068.0
63,0.4108095694557342,jonas anjos,961774945,Jardim Jacy,Campo Grande,https://ms.olx.com.br/mato-grosso-do-sul/autos-e-pecas/carros-vans-e-utilitarios/d10-diesel-dupla-961774945,248880,25000.0,1982,"Mato Grosso do Sul, MS",MS,GM - CHEVROLET,GM - CHEVROLET D-10 CD DIESEL,GM - Chevrolet,23.0,D-10 CD Diesel,1070.0
64,1.1361867753281074,Gabriela Alonso,961830080,Loteamento Praia da Urca,Campo Grande,https://ms.olx.com.br/mato-grosso-do-sul/autos-e-pecas/carros-vans-e-utilitarios/vende-se-961830080,74000,72000.0,2014,"Mato Grosso do Sul, MS",MS,HONDA,HONDA CIVIC SEDAN LXR 2.0 FLEXONE 16V AUT. 4P,Honda,25.0,Civic Sedan LXR 2.0 Flexone 16V Aut. 4p,6326.0
65,0.7871767306718519,Seminovos Movida Campo Grande,961968533,Vila Antônio Vendas,Campo Grande,https://ms.olx.com.br/mato-grosso-do-sul/autos-e-pecas/carros-vans-e-utilitarios/hyundai-hb20-1-0-sense-flex-961968533,42493,56990.0,2020,"Mato Grosso do Sul, MS",MS,HYUNDAI,HYUNDAI HB20 SENSE 1.0 12V FLEX MEC.,Hyundai,26.0,HB20 Sense 1.0 Flex 12V Mec.,8854.0
66,0.9634241842086806,fernando,962144059,Jardim Aero Rancho,Campo Grande,https://ms.olx.com.br/mato-grosso-do-sul/autos-e-pecas/carros-vans-e-utilitarios/saveiro-1-8-sportiline-962144059,999999,31000.0,2005,"Mato Grosso do Sul, MS",MS,VW - VOLKSWAGEN,VW - VOLKSWAGEN SAVEIRO SPORTLINE 1.8 MI TOTAL FLEX 8V,VW - VolksWagen,59.0,Saveiro SPORTLINE 1.8 Mi Total Flex 8V,3807.0
67,1.0653579172698449,Fernando Oliveira,963295833,Coronel Antonino,Campo Grande,https://ms.olx.com.br/mato-grosso-do-sul/autos-e-pecas/carros-vans-e-utilitarios/honda-wr-v-elx-19-19-95-800-963295833,35500,95900.0,2019,"Mato Grosso do Sul, MS",MS,HONDA,HONDA WR-V EXL 1.5 FLEXONE 16V 5P AUT.,Honda,25.0,WR-V EXL 1.5 Flexone 16V 5p Aut.,7900.0
68,0.919284913495946,cleitinho Do grau,964687767,Pioneiros,Campo Grande,https://ms.olx.com.br/mato-grosso-do-sul/autos-e-pecas/carros-vans-e-utilitarios/vendo-964687767,1265,3000.0,1991,"Mato Grosso do Sul, MS",MS,FORD,FORD VERONA LX 1.6 (MODELO ANTIGO),Ford,22.0,Verona LX 1.6 (Modelo antigo),918.0
69,0.9260255595508089,adilson,964688984,,Bonito,https://ms.olx.com.br/mato-grosso-do-sul/autos-e-pecas/carros-vans-e-utilitarios/punto-atractive-1-4-segundo-dono-964688984,48181,29900.0,2011,"Mato Grosso do Sul, MS",MS,FIAT,FIAT PUNTO ATTRACTIVE 1.4 FIRE FLEX 8V 5P,Fiat,21.0,Punto ATTRACTIVE 1.4 Fire Flex 8V 5p,5273.0
70,1.0053674460843856,SF Carros e Camionetas,964690860,Itanhangá Park,Campo Grande,https://ms.olx.com.br/mato-grosso-do-sul/autos-e-pecas/carros-vans-e-utilitarios/honda-hr-v-ex-1-8-flexone-16v-5p-aut-964690860,28329,114900.0,2019,"Mato Grosso do Sul, MS",MS,HONDA,HONDA HR-V EX 1.8 FLEXONE 16V 5P AUT.,Honda,25.0,HR-V EX 1.8 Flexone 16V 5p Aut.,7150.0
71,0.9424897557250647,adilson,964691735,,Bonito,https://ms.olx.com.br/mato-grosso-do-sul/autos-e-pecas/carros-vans-e-utilitarios/renault-symbol-1-6-964691735,102000,19900.0,2011,"Mato Grosso do Sul, MS",MS,RENAULT,RENAULT SYMBOL EXPRESSION HI-FLEX 1.6 8V 4P,Renault,48.0,SYMBOL Expression Hi-Flex 1.6 8V 4p,4926.0
72,1.2493126165185375,Gustavo H.,964692198,Vila Nova Campo Grande,Campo Grande,https://ms.olx.com.br/mato-grosso-do-sul/autos-e-pecas/carros-vans-e-utilitarios/vendo-ou-troco-s10-2008-flex-964692198,156000,42000.0,2008,"Mato Grosso do Sul, MS",MS,GM - CHEVROLET,GM - CHEVROLET S10 PICK-UP LS 2.4 F.POWER 4X2 CD,GM - Chevrolet,23.0,S10 Pick-Up LS 2.4 F.Power 4x2 CD,5885.0
73,0.9451647856434425,Dimitri Sales,964694146,Centro,Ponta Porã,https://ms.olx.com.br/mato-grosso-do-sul/autos-e-pecas/carros-vans-e-utilitarios/ford-ka-2019-964694146,67000,43000.0,2019,"Mato Grosso do Sul, MS",MS,FORD,FORD KA 1.0 SE/SE PLUS TIVCT FLEX 5P,Ford,22.0,Ka 1.0 SE/SE Plus TiVCT Flex 5p,6915.0
74,1.255627815291972,Bastião,964697224,Vila Fernanda,Campo Grande,https://ms.olx.com.br/mato-grosso-do-sul/autos-e-pecas/carros-vans-e-utilitarios/frontier-mwm-2-8-turbo-diesel-intercooler-964697224,160000,36000.0,2003,"Mato Grosso do Sul, MS",MS,NISSAN,NISSAN FRONTIER XE/ XE TIT. CD 4X2 2.8 TDI DIES,Nissan,43.0,Frontier XE/ XE TIT. CD 4x2 2.8 TDI Dies,1795.0
75,1.2795064173285977,MEU CARRO NOVO Dourados,964699739,Jardim Caramuru,Dourados,https://ms.olx.com.br/mato-grosso-do-sul/autos-e-pecas/carros-vans-e-utilitarios/gol-city-1-0-13-14-964699739,106000,36000.0,2013,"Mato Grosso do Sul, MS",MS,VW - VOLKSWAGEN,VW - VOLKSWAGEN GOL CITY (TREND)/TITAN 1.0 T. FLEX 8V 4P,VW - VolksWagen,59.0,Gol City (Trend)/Titan 1.0 T. Flex 8V 4p,2414.0
76,1.0278565639009416,SF Carros e Camionetas,964702696,Itanhangá Park,Campo Grande,https://ms.olx.com.br/mato-grosso-do-sul/autos-e-pecas/carros-vans-e-utilitarios/honda-hr-v-lx-1-8-flexone-16v-5p-aut-964702696,30523,114900.0,2020,"Mato Grosso do Sul, MS",MS,HONDA,HONDA HR-V LX 1.8 FLEXONE 16V 5P MEC.,Honda,25.0,HR-V LX 1.8 Flexone 16V 5p Mec.,7153.0
77,-0.137139868526995,Junior ,964706125,Centro,Campo Grande,https://ms.olx.com.br/mato-grosso-do-sul/autos-e-pecas/carros-vans-e-utilitarios/palio-completo-97-98-964706125,121726,5000.0,1990,"Mato Grosso do Sul, MS",MS,FIAT,FIAT PALIO,Fiat,21.0,Palio City 1.0 4p,511.0
127,1.1600530392929538,RHIANE ,964706475,Jardim Canguru,Campo Grande,https://ms.olx.com.br/mato-grosso-do-sul/autos-e-pecas/carros-vans-e-utilitarios/ford-fusion-964706475,125000,66000.0,2014,"Mato Grosso do Sul, MS",MS,FORD,FORD FUSION 2.5L I-VCT FLEX AUT.,Ford,22.0,Fusion 2.5L I-VCT Flex Aut.,6381.0
128,0.9003327102132769,Mateus,964707537,Vila Almeida,Campo Grande,https://ms.olx.com.br/mato-grosso-do-sul/autos-e-pecas/carros-vans-e-utilitarios/palio-economy-2014-flex-pra-sair-hj-964707537,78000,19900.0,2014,"Mato Grosso do Sul, MS",MS,FIAT,FIAT PALIO 1.0 ECONOMY FIRE FLEX 8V 2P,Fiat,21.0,Palio 1.0 ECONOMY Fire Flex 8V 2p,4827.0
129,0.8870190540498059,fabio ramos,964709033,Jardim Leblon,Campo Grande,https://ms.olx.com.br/mato-grosso-do-sul/autos-e-pecas/carros-vans-e-utilitarios/space-fox-1-6-sportline-i-motion-964709033,87000,38000.0,2012,"Mato Grosso do Sul, MS",MS,VW - VOLKSWAGEN,VW - VOLKSWAGEN SPACEFOX  SPORTLINE/HIGHLINE 1.6 T.FLEX,VW - VolksWagen,59.0,SPACEFOX  SPORTLINE/HIGHLINE 1.6 T.Flex,4729.0
130,0.7977390646421043,Evelyn S.,964712145,Centro,Campo Grande,https://ms.olx.com.br/mato-grosso-do-sul/autos-e-pecas/carros-vans-e-utilitarios/gol-1-0-964712145,126000,26000.0,2008,"Mato Grosso do Sul, MS",MS,VW - VOLKSWAGEN,VW - VOLKSWAGEN GOL 1.0 TREND/ POWER 8V 4P,VW - VolksWagen,59.0,Gol 1.0 Trend/ Power 8V 4p,2388.0
131,1.1948032153742438,Junior,964712476,Jardim Jacy,Campo Grande,https://ms.olx.com.br/mato-grosso-do-sul/autos-e-pecas/carros-vans-e-utilitarios/hb20-comfort-1-0-12v-964712476,54000,42900.0,2014,"Mato Grosso do Sul, MS",MS,HYUNDAI,HYUNDAI HB20 COMF./C.PLUS/C.STYLE 1.0 FLEX 12V,Hyundai,26.0,HB20 Comf./C.Plus/C.Style 1.0 Flex 12V,6205.0
132,1.1061399671008125,Dielly C.,964713508,Residencial Búzios,Campo Grande,https://ms.olx.com.br/mato-grosso-do-sul/autos-e-pecas/carros-vans-e-utilitarios/palio-attractive-1-4-4p-964713508,1220000,32000.0,2011,"Mato Grosso do Sul, MS",MS,FIAT,FIAT PALIO ATTRA./ITALIA 1.4 EVO F.FLEX 8V 5P,Fiat,21.0,Palio ATTRA./ITÁLIA 1.4 EVO F.Flex 8V 5p,5271.0
133,1.1061399671008125,lucas.endb,964714642,Guanandi,Campo Grande,https://ms.olx.com.br/mato-grosso-do-sul/autos-e-pecas/carros-vans-e-utilitarios/palio-attractive-1-4-964714642,107200,32000.0,2013,"Mato Grosso do Sul, MS",MS,FIAT,FIAT PALIO ATTRA./ITALIA 1.4 EVO F.FLEX 8V 5P,Fiat,21.0,Palio ATTRA./ITÁLIA 1.4 EVO F.Flex 8V 5p,5271.0
134,0.893547370544172,Márcio,964714751,Nova Três Lagoas,Três Lagoas,https://ms.olx.com.br/mato-grosso-do-sul/autos-e-pecas/carros-vans-e-utilitarios/honda-city-lx-2013-modelo-2014-964714751,127000,54304.0,2013,"Mato Grosso do Sul, MS",MS,HONDA,HONDA CITY SEDAN LX 1.5 FLEX 16V 4P AUT.,Honda,25.0,CITY Sedan LX 1.5 Flex 16V 4p Aut.,4975.0
135,0.9345591511622152,Lu,964715738,Jardim Itamaracá,Campo Grande,https://ms.olx.com.br/mato-grosso-do-sul/autos-e-pecas/carros-vans-e-utilitarios/strada-2003-964715738,111111,24000.0,2003,"Mato Grosso do Sul, MS",MS,FIAT,FIAT STRADA ADVENTURE 1.8/ 1.8 LOCKER FLEX CE,Fiat,21.0,Strada Adventure 1.8/ 1.8 LOCKER Flex CE,4733.0
136,-0.05884381164247942,Arthur,964716539,,Rio Verde de Mato Grosso,https://ms.olx.com.br/mato-grosso-do-sul/autos-e-pecas/carros-vans-e-utilitarios/gol-g6-1-0-completao-oportunidade-unica-964716539,64570,23900.0,2013,"Mato Grosso do Sul, MS",MS,VW - VOLKSWAGEN,VW - VOLKSWAGEN GOL,VW - VolksWagen,59.0,Gol 1.0 Flex 12V 5p,8323.0
236,0.972666466531279,zaap67,964719652,Vila Carvalho,Campo Grande,https://ms.olx.com.br/mato-grosso-do-sul/autos-e-pecas/carros-vans-e-utilitarios/f250-brutona-2007-disel-4x4-964719652,0,230000.0,2007,"Mato Grosso do Sul, MS",MS,FORD,FORD F-250 XLT 3.9 4X4 CD TB DIESEL,Ford,22.0,F-250 XLT 3.9 4x4 CD TB Diesel,4059.0
237,1.0857991649140422,Markos Costa,964723971,Vila Margarida,Campo Grande,https://ms.olx.com.br/mato-grosso-do-sul/autos-e-pecas/carros-vans-e-utilitarios/hilux-964723971,511000,62000.0,2002,"Mato Grosso do Sul, MS",MS,TOYOTA,TOYOTA HILUX CD DX 4X2 3.0 8V 90CV DIESEL,Toyota,56.0,Hilux CD DX 4x2 3.0 8V 90cv Diesel,2247.0
238,0.9854696133763492,Luciano Lara,964730718,Vila Eliane,Campo Grande,https://ms.olx.com.br/mato-grosso-do-sul/autos-e-pecas/carros-vans-e-utilitarios/vendo-saveiro-cross-2012-completo-964730718,132200,45000.0,2012,"Mato Grosso do Sul, MS",MS,VW - VOLKSWAGEN,VW - VOLKSWAGEN SAVEIRO CROSSOVER 1.6 MI TOTAL FLEX 8V,VW - VolksWagen,59.0,Saveiro CROSSOVER 1.6 Mi Total Flex 8V,3962.0
239,1.0173828951783725,Lanae Suelen,964735058,,Aral Moreira,https://ms.olx.com.br/mato-grosso-do-sul/autos-e-pecas/carros-vans-e-utilitarios/gol-g5-1-0-964735058,97,23300.0,2010,"Mato Grosso do Sul, MS",MS,VW - VOLKSWAGEN,VW - VOLKSWAGEN GOL (NOVO) 1.0 MI TOTAL FLEX 8V 4P,VW - VolksWagen,59.0,Gol (novo) 1.0 Mi Total Flex 8V 4p,4689.0
240,1.4195998458749273,SF Carros e Camionetas,964741573,Itanhangá Park,Campo Grande,https://ms.olx.com.br/mato-grosso-do-sul/autos-e-pecas/carros-vans-e-utilitarios/toyota-hilux-sw4-srv-d4-d-4x4-3-0-tdi-dies-aut-964741573,168215,178900.0,2015,"Mato Grosso do Sul, MS",MS,TOYOTA,TOYOTA HILUX CD SRV D4-D 4X4 3.0 TDI DIESEL AUT,Toyota,56.0,Hilux CD SRV D4-D 4x4 3.0 TDI Diesel Aut,2259.0
241,0.5349761930309213,Nilton,964744375,Tiradentes,Campo Grande,https://ms.olx.com.br/mato-grosso-do-sul/autos-e-pecas/carros-vans-e-utilitarios/fiesta-99-completo-964744375,300,3000.0,1999,"Mato Grosso do Sul, MS",MS,FORD,FORD FIESTA 1.3  3P E 5P,Ford,22.0,Fiesta 1.3  3p e 5p,771.0
242,,Olavo D.,964745851,,Sidrolândia,https://ms.olx.com.br/mato-grosso-do-sul/autos-e-pecas/carros-vans-e-utilitarios/vendo-carroceria-de-madeira-para-f1000-964745851,10000,,2021,"Mato Grosso do Sul, MS",MS,, ,,,,
243,0.33875155006863233,Rita de Càssia,964746108,Centro,Campo Grande,https://ms.olx.com.br/mato-grosso-do-sul/autos-e-pecas/carros-vans-e-utilitarios/so-hoje-ocasiao-cerato-segundo-dono-completissimo-impecavel-particular-964746108,170000,37900.0,2011,"Mato Grosso do Sul, MS",MS,KIA MOTORS,KIA MOTORS CERATO 1.6 16V MEC.,Kia Motors,31.0,Cerato 1.6 16V Mec.,3936.0
244,0.8613714391279215,Seminovos Movida Campo Grande,964747511,Vila Antônio Vendas,Campo Grande,https://ms.olx.com.br/mato-grosso-do-sul/autos-e-pecas/carros-vans-e-utilitarios/renault-captur-intense-2-0-16v-aut-flex-964747511,23100,97990.0,2021,"Mato Grosso do Sul, MS",MS,RENAULT,RENAULT CAPTUR INTENSE 2.0 16V FLEX 5P AUT.,Renault,48.0,CAPTUR Intense 2.0 16V Flex 5p Aut.,7890.0
246,1.4195998458749273,juliano arcas,964748750,Coronel Antonino,Campo Grande,https://ms.olx.com.br/mato-grosso-do-sul/autos-e-pecas/carros-vans-e-utilitarios/hilux-srv-automatica-964748750,180000,118000.0,2011,"Mato Grosso do Sul, MS",MS,TOYOTA,TOYOTA HILUX CD SRV D4-D 4X4 3.0 TDI DIESEL AUT,Toyota,56.0,Hilux CD SRV D4-D 4x4 3.0 TDI Diesel Aut,2259.0
247,0.9712377600246421,eulerlucas,964751876,Vila Piratininga,Campo Grande,https://ms.olx.com.br/mato-grosso-do-sul/autos-e-pecas/carros-vans-e-utilitarios/master-964751876,300000,50000.0,2007,"Mato Grosso do Sul, MS",MS,RENAULT,RENAULT MASTER 2.5 DCI 16V 115CV 16L DIESEL,Renault,48.0,Master 2.5 dCi 16V 115cv 16L Diesel,2049.0
248,0.6341392456814987,Leandro Tomaz Creci 107-46,964752534,Sobrinho,Campo Grande,https://ms.olx.com.br/mato-grosso-do-sul/autos-e-pecas/carros-vans-e-utilitarios/i30-1-6-automatico-964752534,165000,54000.0,2013,"Mato Grosso do Sul, MS",MS,HYUNDAI,HYUNDAI I30 1.6 16V FLEX 5P AUT.,Hyundai,26.0,i30 1.6 16V Flex 5p Aut.,6356.0
249,0.8710477309270709,benitesval1983,964753825,Conjunto Aero Rancho,Campo Grande,https://ms.olx.com.br/mato-grosso-do-sul/autos-e-pecas/carros-vans-e-utilitarios/fiat-idea-964753825,140000,15000.0,2011,"Mato Grosso do Sul, MS",MS,FIAT,FIAT IDEA ATTRACTIVE 1.4 FIRE FLEX 8V 5P,Fiat,21.0,Idea ATTRACTIVE 1.4 Fire Flex 8V 5p,5340.0
250,0.9139006079731267,gilsonbalejo,964754766,Centro,Campo Grande,https://ms.olx.com.br/mato-grosso-do-sul/autos-e-pecas/carros-vans-e-utilitarios/vendo-vectra-elite-2-4-2008-964754766,120000,25000.0,2008,"Mato Grosso do Sul, MS",MS,GM - CHEVROLET,GM - CHEVROLET VECTRA ELITE 2.4 MPFI 16V FLEXPOWER AUT.,GM - Chevrolet,23.0,Vectra Elite 2.4 MPFI 16V FlexPower Aut.,3822.0
251,0.8954660976320781,Mendes,964758977,Jardim São Lourenço,Campo Grande,https://ms.olx.com.br/mato-grosso-do-sul/autos-e-pecas/carros-vans-e-utilitarios/fluence-964758977,101000,41900.0,2013,"Mato Grosso do Sul, MS",MS,RENAULT,RENAULT FLUENCE SED. DYNAMIQUE 2.0 16V FLEX AUT.,Renault,48.0,FLUENCE Sed. Dynamique 2.0 16V FLEX Aut.,5509.0
252,0.8283910422676022,Beto,964763465,Universitário,Campo Grande,https://ms.olx.com.br/mato-grosso-do-sul/autos-e-pecas/carros-vans-e-utilitarios/gm-d20-964763465,55000,58000.0,1990,"Mato Grosso do Sul, MS",MS,GM - CHEVROLET,GM - CHEVROLET D-20 S / LUXE 3.9/4.0 DIESEL,GM - Chevrolet,23.0,D-20 S / Luxe 3.9/4.0 Diesel,1074.0
254,0.9162035818810215,Paulo,964766304,Monte Castelo,Campo Grande,https://ms.olx.com.br/mato-grosso-do-sul/autos-e-pecas/carros-vans-e-utilitarios/ford-ranger-xls-sport-2013-2014-964766304,83000,,2014,"Mato Grosso do Sul, MS",MS,FORD,FORD RANGER SPORT 2.5 FLEX 16V 4X2 CS,Ford,22.0,Ranger SPORT 2.5 Flex 16V 4x2 CS,6746.0
255,1.164761319031579,Diniz Correa,964771304,Centro,Campo Grande,https://ms.olx.com.br/mato-grosso-do-sul/autos-e-pecas/carros-vans-e-utilitarios/hilux-srx-2-8-2016-nico-dono-leia-a-descricao-964771304,57554,185406.0,2016,"Mato Grosso do Sul, MS",MS,TOYOTA,TOYOTA HILUX CD SRX 4X4 2.8 TDI 16V DIESEL AUT.,Toyota,56.0,Hilux CD SRX 4x4 2.8 TDI 16V Diesel Aut.,7407.0
256,0.6351470776522423,adilson,964771698,Coophavila II,Campo Grande,https://ms.olx.com.br/mato-grosso-do-sul/autos-e-pecas/carros-vans-e-utilitarios/voyage-g5-2011-completo-964771698,120000,27500.0,2011,"Mato Grosso do Sul, MS",MS,VW - VOLKSWAGEN,VW - VOLKSWAGEN VOYAGE 1.0 FLEX 12V 4P,VW - VolksWagen,59.0,VOYAGE 1.0 Flex 12V 4p,8325.0
259,1.0603840488904563,Luiz,964773613,Vila Carvalho,Campo Grande,https://ms.olx.com.br/mato-grosso-do-sul/autos-e-pecas/carros-vans-e-utilitarios/gol-964773613,145,16000.0,2011,"Mato Grosso do Sul, MS",MS,VW - VOLKSWAGEN,VW - VOLKSWAGEN GOL ECOMOTION  1.0 MI TOTAL FLEX 8V 4P,VW - VolksWagen,59.0,Gol ECOMOTION  1.0 Mi Total Flex 8V 4p,5218.0
260,1.327727096787556,Garcia,964774224,Vila Nasser,Campo Grande,https://ms.olx.com.br/mato-grosso-do-sul/autos-e-pecas/carros-vans-e-utilitarios/vendo-frontier-ano-2007-964774224,300000,50000.0,2007,"Mato Grosso do Sul, MS",MS,NISSAN,NISSAN FRONTIER SE/SE STRIK/ONE CD 4X4 2.8 DIES,Nissan,43.0,Frontier SE/SE Strik/ONE CD 4x4 2.8 Dies,1791.0
261,0.7257867435584893,Tatiane,964776396,Jardim Leblon,Campo Grande,https://ms.olx.com.br/mato-grosso-do-sul/autos-e-pecas/carros-vans-e-utilitarios/argo-drive-1-0-964776396,68000,55000.0,2019,"Mato Grosso do Sul, MS",MS,FIAT,FIAT ARGO DRIVE 1.0 6V FLEX,Fiat,21.0,ARGO DRIVE 1.0 6V Flex,7965.0
262,0.8697647756249633,faveiculos995,964778377,Coronel Antonino,Campo Grande,https://ms.olx.com.br/mato-grosso-do-sul/autos-e-pecas/carros-vans-e-utilitarios/trailblezer-ltz-2-8-4x4-2013-automatica-964778377,218986,119800.0,2013,"Mato Grosso do Sul, MS",MS,GM - CHEVROLET,GM - CHEVROLET TRAILBLAZER LTZ 2.8 CTDI DIESEL AUT.,GM - Chevrolet,23.0,TRAILBLAZER LTZ 2.8 CTDI Diesel Aut.,6268.0
263,-0.12765844519667527,Planeta,964779082,Jardim dos Estados,Campo Grande,https://ms.olx.com.br/mato-grosso-do-sul/autos-e-pecas/carros-vans-e-utilitarios/ford-ka-1-0-se-2016-completo-964779082,73000,38500.0,2016,"Mato Grosso do Sul, MS",MS,FORD,FORD KA,Ford,22.0,Ka 1.0i 3p,813.0
316,0.6135104195021764,RAPHAELPR,964782369,Vila Vilas Boas,Campo Grande,https://ms.olx.com.br/mato-grosso-do-sul/autos-e-pecas/carros-vans-e-utilitarios/camaro-ss-2012-24600km-estado-de-zero-964782369,24600,184900.0,2012,"Mato Grosso do Sul, MS",MS,GM - CHEVROLET,GM - CHEVROLET CAMARO SS 6.2 V8 16V,GM - Chevrolet,23.0,Camaro SS 6.2 V8 16V,5415.0
318,0.011052858627773264,Planeta,964783158,Jardim dos Estados,Campo Grande,https://ms.olx.com.br/mato-grosso-do-sul/autos-e-pecas/carros-vans-e-utilitarios/sentra-2-0-16-v-2011-12-bem-conservado-e-revisado-964783158,113000,,2011,"Mato Grosso do Sul, MS",MS,NISSAN,NISSAN SENTRA,Nissan,43.0,Sentra GLE,1823.0
333,0.9659072297635946,Noemy,964783256,Monte Castelo,Campo Grande,https://ms.olx.com.br/mato-grosso-do-sul/autos-e-pecas/carros-vans-e-utilitarios/vectra-2099-964783256,3000,15000.0,1999,"Mato Grosso do Sul, MS",MS,GM - CHEVROLET,GM - CHEVROLET VECTRA GLS/ CHALLENGE 2.2 MPFI 16V,GM - Chevrolet,23.0,Vectra GLS/ Challenge 2.2 MPFI 16V,1223.0
334,0.7928974920708782,Radião motos,964783828,Vila Carvalho,Campo Grande,https://ms.olx.com.br/mato-grosso-do-sul/autos-e-pecas/carros-vans-e-utilitarios/gran-siena-1-6-2014-2015-completo-troco-financio-964783828,92000,,2015,"Mato Grosso do Sul, MS",MS,FIAT,FIAT GRAND SIENA ESSENCE 1.6 FLEX 16V,Fiat,21.0,Grand Siena ESSENCE 1.6 Flex 16V,5926.0
337,0.08636658501872842,Planeta,964785463,Jardim dos Estados,Campo Grande,https://ms.olx.com.br/mato-grosso-do-sul/autos-e-pecas/carros-vans-e-utilitarios/voyage-trend-13-13-super-conservado-troca-964785463,130000,,2013,"Mato Grosso do Sul, MS",MS,VW - VOLKSWAGEN,VW - VOLKSWAGEN VOYAGE,VW - VolksWagen,59.0,VOYAGE 1.0 Flex 12V 4p,8325.0
363,-0.05884381164247942,Marcelo / Luiza Automóveis,964787047,Guanandi,Campo Grande,https://ms.olx.com.br/mato-grosso-do-sul/autos-e-pecas/carros-vans-e-utilitarios/gol-g5-power-964787047,165000,,2011,"Mato Grosso do Sul, MS",MS,VW - VOLKSWAGEN,VW - VOLKSWAGEN GOL,VW - VolksWagen,59.0,Gol 1.0 Flex 12V 5p,8323.0
463,0.8382664759460201,Everton Lucas,964789859,Vila Joselito,Campo Grande,https://ms.olx.com.br/mato-grosso-do-sul/autos-e-pecas/carros-vans-e-utilitarios/bmw-320i-sport-2015-2015-964789859,83000,118000.0,2015,"Mato Grosso do Sul, MS",MS,BMW,BMW 320IA MODERN/SPORT TB 2.0/A.FLEX 16V 4P,BMW,7.0,320iA Modern/Sport TB 2.0/A.Flex/GP 4p,6091.0
623,0.8183370513350983,joao carlos,964791234,Conjunto Habitacional Estrela D'Alva II,Campo Grande,https://ms.olx.com.br/mato-grosso-do-sul/autos-e-pecas/carros-vans-e-utilitarios/vendo-c3-2014-964791234,55000,33000.0,2014,"Mato Grosso do Sul, MS",MS,CITROEN,CITROEN C3 TENDANCE 1.5 FLEX 8V 5P MEC.,Citroën,13.0,C3 Tendance 1.5 Flex 8V 5p Mec.,6155.0
625,0.9007098387255674,vinicius_sampati,964793253,Jardim Caramuru,Dourados,https://ms.olx.com.br/mato-grosso-do-sul/autos-e-pecas/carros-vans-e-utilitarios/city-ex-2015-a-t-964793253,71000,67990.0,2015,"Mato Grosso do Sul, MS",MS,HONDA,HONDA CITY SEDAN EX 1.5 FLEX 16V 4P AUT.,Honda,25.0,CITY Sedan EX 1.5 Flex 16V 4p Aut.,4971.0
626,0.6666549944707388,NIVALDO,964793254,Coophavila II,Campo Grande,https://ms.olx.com.br/mato-grosso-do-sul/autos-e-pecas/carros-vans-e-utilitarios/corolla-xei-964793254,115,0.0,2016,"Mato Grosso do Sul, MS",MS,TOYOTA,TOYOTA COROLLA XEI 2.0 FLEX 16V AUT.,Toyota,56.0,Corolla XEi 2.0 Flex 16V Aut.,5194.0
627,1.0576405033994267,Junior Solucred,964794668,Centro,Campo Grande,https://ms.olx.com.br/mato-grosso-do-sul/autos-e-pecas/carros-vans-e-utilitarios/vendo-chevrolet-onix-ltz-2014-flex-964794668,93000,46900.0,2014,"Mato Grosso do Sul, MS",MS,GM - CHEVROLET,GM - CHEVROLET ONIX HATCH LTZ 1.4 8V FLEXPOWER 5P MEC.,GM - Chevrolet,23.0,ONIX HATCH LTZ 1.4 8V FlexPower 5p Mec.,6234.0
628,0.5728097691689469,vinicius_sampati,964794851,Jardim Caramuru,Dourados,https://ms.olx.com.br/mato-grosso-do-sul/autos-e-pecas/carros-vans-e-utilitarios/onix-turbo-2021-964794851,11000,79990.0,2021,"Mato Grosso do Sul, MS",MS,GM - CHEVROLET,GM - CHEVROLET HATCH 1.0 12V TB FLEX 5P AUT,GM - Chevrolet,23.0,ONIX HATCH 1.0 12V TB Flex 5p Aut.,8889.0
632,0.8138378876348277,Jeferson D'Avila,964796420,Jardim Colúmbia,Campo Grande,https://ms.olx.com.br/mato-grosso-do-sul/autos-e-pecas/carros-vans-e-utilitarios/fox-trend-1-6-4p-964796420,82500,34900.0,2013,"Mato Grosso do Sul, MS",MS,VW - VOLKSWAGEN,VW - VOLKSWAGEN FOX 1.6 MI TOTAL FLEX 8V 5P,VW - VolksWagen,59.0,Fox 1.6 Mi Total Flex 8V 5p,5085.0
